Workbook

Sheet Orders
A1: Order_ID | B1: Product | C1: City | D1: Revenue | E1: Category | F1: Region
A2: 1001 | B2: Laptop | C2: Mumbai | D2: 55000 | E2: =VLOOKUP(B2,Product_Category!A:B,2,FALSE) -> Electronics | F2: =VLOOKUP(C2,City_Region!A:B,2,FALSE) -> West
A3: 1002 | B3: Mouse | C3: Pune | D3: 900 | E3: =VLOOKUP(B3,Product_Category!A:B,2,FALSE) -> Accessories | F3: =VLOOKUP(C3,City_Region!A:B,2,FALSE) -> West
A4: 1003 | B4: Keyboard | C4: Delhi | D4: 1800 | E4: =VLOOKUP(B4,Product_Category!A:B,2,FALSE) -> Accessories | F4: =VLOOKUP(C4,City_Region!A:B,2,FALSE) -> North
A5: 1004 | B5: Monitor | C5: Bangalore | D5: 15000 | E5: =VLOOKUP(B5,Product_Category!A:B,2,FALSE) -> Electronics | F5: =VLOOKUP(C5,City_Region!A:B,2,FALSE) -> South
A6: 1005 | B6: SSD | C6: Hyderabad | D6: 4500 | E6: =VLOOKUP(B6,Product_Category!A:B,2,FALSE) -> Storage | F6: =VLOOKUP(C6,City_Region!A:B,2,FALSE) -> South
A7: 1006 | B7: Laptop | C7: Pune | D7: 52000 | E7: =VLOOKUP(B7,Product_Category!A:B,2,FALSE) -> Electronics | F7: =VLOOKUP(C7,City_Region!A:B,2,FALSE) -> West
A8: 1007 | B8: Webcam | C8: Mumbai | D8: 3000 | E8: =VLOOKUP(B8,Product_Category!A:B,2,FALSE) -> Accessories | F8: =VLOOKUP(C8,City_Region!A:B,2,FALSE) -> West
A9: 1008 | B9: Headphones | C9: Delhi | D9: 2500 | E9: =VLOOKUP(B9,Product_Category!A:B,2,FALSE) -> Accessories | F9: =VLOOKUP(C9,City_Region!A:B,2,FALSE) -> North
A10: 1009 | B10: Printer | C10: Bangalore | D10: 12000 | E10: =VLOOKUP(B10,Product_Category!A:B,2,FALSE) -> Electronics | F10: =VLOOKUP(C10,City_Region!A:B,2,FALSE) -> South
A11: 1010 | B11: Mouse | C11: Hyderabad | D11: 800 | E11: =VLOOKUP(B11,Product_Category!A:B,2,FALSE) -> Accessories | F11: =VLOOKUP(C11,City_Region!A:B,2,FALSE) -> South
A12: 1011 | B12: SSD | C12: Mumbai | D12: 5000 | E12: =VLOOKUP(B12,Product_Category!A:B,2,FALSE) -> Storage | F12: =VLOOKUP(C12,City_Region!A:B,2,FALSE) -> West
A13: 1012 | B13: Monitor | C13: Pune | D13: 18000 | E13: =VLOOKUP(B13,Product_Category!A:B,2,FALSE) -> Electronics | F13: =VLOOKUP(C13,City_Region!A:B,2,FALSE) -> West
... A31: 1030 | B31: Keyboard | C31: Mumbai | D31: 2000 | E31: =VLOOKUP(B31,Product_Category!A:B,2,FALSE) -> Accessories | F31: =VLOOKUP(C31,City_Region!A:B,2,FALSE) -> West

Sheet Product_Category
A1: Product | B1: Category
A2: Laptop | B2: Electronics
A3: Mouse | B3: Accessories
A4: Keyboard | B4: Accessories
A5: Monitor | B5: Electronics
A6: SSD | B6: Storage
A7: Webcam | B7: Accessories
A8: Headphones | B8: Accessories
A9: Printer | B9: Electronics

Sheet City_Region
A1: City | B1: Region
A2: Mumbai | B2: West
A3: Pune | B3: West
A4: Delhi | B4: North
A5: Bangalore | B5: South
A6: Hyderabad | B6: South

Sheet Revenue_City_Pivot
B19: Business Insights
B20: 1. Pune generated the highest revenue among all cities.
B21: 2. Hyderabad generated the lowest revenue among all cities.
B22: 3. Revenue is fairly distributed across cities.
B23: 4. Total revenue was ₹432,200 from 30 orders.
B24: 5. The company operates across 5 cities.

Sheet Product_Performance_Pivot
B23: Business Insights
B25: 1. Laptop generated highest revenue.
B26: 2. Mouse generated lowest revenue.
B27: 3. Electronics contribute most revenue.
B28: 4. Revenue is concentrated in Laptop sales.

Sheet Revenue_Region_Pivot
C14: Insights
C16: - West region generated highest revenue.
C18: - North region generated lowest revenue.
C20: - West contributes nearly 50% of total revenue.

Sheet Dashboard
A1: Total Revenue | D1: Total Orders | G1: Total Cities
A2: =SUM(Orders!D2:D31) -> 432200 | D2: =COUNTA(Orders!A2:A31) -> 30 | G2: =IFERROR(__xludf.DUMMYFUNCTION("COUNTUNIQUE(Orders!C2:C31)"),5.0) -> 5
A9: REVENUE BY CITY | F9: REVENUE BY PRODUCT | K9: REVENUE BY REGION
